t,anchor,scanner_x,scanner_y,channel,rssi
0.0,0,2.0,2.0,1,-65.1
0.0,0,2.0,2.0,1,-56.3
0.0,0,2.0,2.0,1,-60.2
0.0,0,2.0,2.0,1,-59.2
0.0,0,2.0,2.0,1,-51.4
0.0,0,2.0,2.0,1,-62.4
0.0,0,2.0,2.0,1,-61.8
0.0,0,2.0,2.0,1,-59.7
2.0,1,10.0,1.8,6,-58.1
2.0,1,10.0,1.8,6,-59.4
2.0,1,10.0,1.8,6,-51.0
2.0,1,10.0,1.8,6,-56.7
2.0,1,10.0,1.8,6,-58.0
2.0,1,10.0,1.8,6,-53.2
2.0,1,10.0,1.8,6,-60.8
2.0,1,10.0,1.8,6,-55.6
4.0,2,18.0,2.0,11,-63.3
4.0,2,18.0,2.0,11,-70.1
4.0,2,18.0,2.0,11,-54.8
4.0,2,18.0,2.0,11,-54.3
4.0,2,18.0,2.0,11,-52.0
4.0,2,18.0,2.0,11,-52.1
4.0,2,18.0,2.0,11,-44.2
4.0,2,18.0,2.0,11,-56.0
6.0,3,18.2,7.5,1,-51.9
6.0,3,18.2,7.5,1,-54.0
6.0,3,18.2,7.5,1,-53.6
6.0,3,18.2,7.5,1,-47.2
6.0,3,18.2,7.5,1,-40.3
6.0,3,18.2,7.5,1,-46.5
6.0,3,18.2,7.5,1,-52.0
6.0,3,18.2,7.5,1,-49.0
8.0,4,18.0,13.0,6,-55.4
8.0,4,18.0,13.0,6,-55.8
8.0,4,18.0,13.0,6,-51.9
8.0,4,18.0,13.0,6,-50.6
8.0,4,18.0,13.0,6,-51.6
8.0,4,18.0,13.0,6,-49.4
8.0,4,18.0,13.0,6,-51.8
8.0,4,18.0,13.0,6,-56.0
10.0,5,10.0,13.2,11,-53.8
10.0,5,10.0,13.2,11,-46.3
10.0,5,10.0,13.2,11,-40.2
10.0,5,10.0,13.2,11,-51.0
10.0,5,10.0,13.2,11,-55.4
10.0,5,10.0,13.2,11,-55.3
10.0,5,10.0,13.2,11,-68.2
10.0,5,10.0,13.2,11,-55.2
12.0,6,2.0,13.0,1,-60.0
12.0,6,2.0,13.0,1,-63.4
12.0,6,2.0,13.0,1,-62.6
12.0,6,2.0,13.0,1,-55.3
12.0,6,2.0,13.0,1,-65.9
12.0,6,2.0,13.0,1,-55.7
12.0,6,2.0,13.0,1,-58.8
12.0,6,2.0,13.0,1,-58.7
14.0,7,1.8,7.5,6,-56.2
14.0,7,1.8,7.5,6,-55.1
14.0,7,1.8,7.5,6,-61.8
14.0,7,1.8,7.5,6,-68.2
14.0,7,1.8,7.5,6,-56.7
14.0,7,1.8,7.5,6,-60.9
14.0,7,1.8,7.5,6,-59.0
14.0,7,1.8,7.5,6,-57.4
16.0,7,1.8,7.5,6,-61.6
16.0,7,1.8,7.5,6,-60.8
16.0,7,1.8,7.5,6,-57.2
16.0,7,1.8,7.5,6,-61.1
16.0,7,1.8,7.5,6,-57.0
16.0,7,1.8,7.5,6,-61.3
16.0,7,1.8,7.5,6,-49.7
16.0,7,1.8,7.5,6,-60.3
18.0,6,2.0,13.0,1,-59.7
18.0,6,2.0,13.0,1,-61.6
18.0,6,2.0,13.0,1,-59.2
18.0,6,2.0,13.0,1,-59.2
18.0,6,2.0,13.0,1,-65.1
18.0,6,2.0,13.0,1,-69.3
18.0,6,2.0,13.0,1,-59.5
18.0,6,2.0,13.0,1,-63.5
20.0,5,10.0,13.2,11,-48.0
20.0,5,10.0,13.2,11,-52.5
20.0,5,10.0,13.2,11,-55.4
20.0,5,10.0,13.2,11,-51.1
20.0,5,10.0,13.2,11,-57.9
20.0,5,10.0,13.2,11,-49.8
20.0,5,10.0,13.2,11,-48.6
20.0,5,10.0,13.2,11,-51.6
22.0,4,18.0,13.0,6,-51.8
22.0,4,18.0,13.0,6,-54.1
22.0,4,18.0,13.0,6,-37.2
22.0,4,18.0,13.0,6,-51.7
22.0,4,18.0,13.0,6,-50.0
22.0,4,18.0,13.0,6,-48.8
22.0,4,18.0,13.0,6,-46.9
22.0,4,18.0,13.0,6,-58.0
24.0,3,18.2,7.5,1,-53.4
24.0,3,18.2,7.5,1,-48.6
24.0,3,18.2,7.5,1,-49.0
24.0,3,18.2,7.5,1,-48.0
24.0,3,18.2,7.5,1,-49.8
24.0,3,18.2,7.5,1,-37.1
24.0,3,18.2,7.5,1,-48.0
24.0,3,18.2,7.5,1,-50.4
26.0,2,18.0,2.0,11,-48.1
26.0,2,18.0,2.0,11,-52.7
26.0,2,18.0,2.0,11,-64.2
26.0,2,18.0,2.0,11,-54.7
26.0,2,18.0,2.0,11,-62.0
26.0,2,18.0,2.0,11,-53.0
26.0,2,18.0,2.0,11,-52.2
26.0,2,18.0,2.0,11,-50.7
28.0,1,10.0,1.8,6,-54.4
28.0,1,10.0,1.8,6,-54.8
28.0,1,10.0,1.8,6,-48.9
28.0,1,10.0,1.8,6,-52.2
28.0,1,10.0,1.8,6,-61.4
28.0,1,10.0,1.8,6,-52.3
28.0,1,10.0,1.8,6,-61.8
28.0,1,10.0,1.8,6,-57.6
30.0,0,2.0,2.0,1,-73.2
30.0,0,2.0,2.0,1,-61.5
30.0,0,2.0,2.0,1,-57.3
30.0,0,2.0,2.0,1,-62.9
30.0,0,2.0,2.0,1,-65.4
30.0,0,2.0,2.0,1,-59.6
30.0,0,2.0,2.0,1,-71.9
30.0,0,2.0,2.0,1,-61.2
